ts_name,compression,tol_used,error,SAX_2,oneD_SAX_2,ABBA_2,SAX_DTW,oneD_SAX_DTW,ABBA_DTW,SAX_2_diff,oneD_SAX_2_diff,ABBA_2_diff,SAX_DTW_diff,oneD_SAX_DTW_diff,ABBA_DTW_diff
StarLightCurves_TEST.tsv_0,0.02734375,0.05,0,13.396876935338177,20.248306599746126,13.66695047805475,12.129132035575156,16.479649909715267,4.556561722913936,3.442161025892154,2.8205042210462494,0.44819782187980656,3.3992900759622655,2.7459319348142346,0.20725616372323818
StarLightCurves_TRAIN.tsv_0,0.0244140625,0.05,0,5.883368209590257,9.258244739834387,6.344389037011303,5.385252295309182,7.460228420707757,1.9734429121204802,1.9335197342675217,1.6724235420740914,0.22271758332120786,1.9085646749980216,1.6408282435174362,0.15079980495152556
Earthquakes_TEST.tsv_0,0.17578125,0.05,0,18.796481553812622,19.718821635458017,33.79160524808818,18.146654268817073,19.32971111593753,15.5212940606868,29.21483060304622,28.84137400710114,42.973774175270165,25.930365098960884,26.889368289305416,3.5628714795077037
Earthquakes_TRAIN.tsv_5,0.154296875,0.05,0,19.377175565198772,19.815583071875857,32.5565369960537,19.201749421605047,19.440724093368786,10.133550853716361,28.945625744796665,28.920872009978577,45.08796654999975,26.498331487842773,27.083526485871346,2.8047604834249302
SemgHandMovementCh2_TRAIN.tsv_134,0.17533333333333334,0.5,0,33.541141777820314,35.37577763871377,120.78038575374912,33.084403804970236,34.35298293645389,32.97080817092408,39.5559446340567,39.34053112535639,53.34310647733511,37.52059446278252,37.41103277713944,19.42741794071088
SemgHandMovementCh2_TEST.tsv_379,0.15466666666666667,0.35000000000000003,0,33.516651322741865,35.28842245929565,95.81760217433295,33.12965576289757,34.30592826156139,65.79807714222379,30.804127429448897,30.819201310353556,42.34947837933792,28.64867031770888,29.234971334078217,12.93599940494658
InlineSkate_TRAIN.tsv_0,0.015940488841657812,0.05,0,7.44231030114885,15.615767275078658,7.2765714462716025,7.147369776825373,7.7132449349335435,1.35082060696469,2.4009180362960483,2.034859854095826,1.00181148011639,2.2224047461101026,1.8929377645835064,0.9940914974177537
InlineSkate_TEST.tsv_0,0.011158342189160468,0.05,0,15.18806897829029,21.863427863802386,11.659888770840666,14.87273319292396,14.286025333868636,6.743916968040342,3.1759873738420463,1.910637855490137,0.5371219141440795,3.0689747923907285,1.8141770865206317,0.5251657018226517
WormsTwoClass_TRAIN.tsv_0,0.15444444444444444,0.05,0,7.374616984477659,14.041566621289858,22.579276308480704,7.072440612731267,11.587147658552574,12.104489942065202,4.088085644295296,4.460339879104641,1.5930782329886217,3.455068175119923,3.725683770930606,1.066640924185384
WormsTwoClass_TEST.tsv_0,0.15222222222222223,0.05,0,7.180125067033449,12.174855540853695,19.82971581851715,6.913479513641103,9.957661179548078,10.9217726299121,3.7738547500545305,4.330457668261022,1.5891821655922187,3.31190765540967,3.665513828588142,0.9699696958012316
OliveOil_TRAIN.tsv_0,0.09298245614035087,0.05,0,8.863826195973072,12.562193709639729,21.199757927289323,8.479906666410207,11.053787199219093,2.1618777030700853,3.8882184836302627,3.412475886522976,2.6173310356265542,3.280228826973865,2.9965177779325103,1.1664929295480073
OliveOil_TEST.tsv_0,0.09649122807017543,0.05,0,8.93270536410485,12.637682125747718,20.880336837407476,8.509665822454897,11.146080329263677,4.9126999211714,3.89215935618363,3.4510008250999835,2.7021028770286013,3.2813777646529974,3.025646475849292,1.255674170558416
Meat_TEST.tsv_0,0.06919642857142858,0.05,0,7.4088764109463305,10.912885767822633,5.063656692597543,7.321381043285461,9.063873716653571,1.078664522646737,2.226052513154125,1.4780702935350387,0.7130433201363328,1.940936478812296,1.1617127777707215,0.44171352513289797
Meat_TRAIN.tsv_0,0.06696428571428571,0.05,0,7.451142475475998,10.726348595654384,5.47313925796912,7.256745038580489,8.85667597029768,1.304112899437456,2.382653476919327,1.490734850778306,0.7904343969793312,2.081573630081677,1.1682696478491477,0.44657862611315413
FiftyWords_TRAIN.tsv_0,0.0962962962962963,0.05,0,7.521200400673211,11.267478038967157,3.5906381871346627,7.47454323832824,10.051286623625485,1.3548578627295924,2.4944930190740395,2.296032773569991,0.6045002641768683,2.3611685968076035,2.079967287985712,0.3308910553899443
FiftyWords_TEST.tsv_0,0.05555555555555555,0.05,0,4.614034446606595,8.63444581521852,3.8762475057500367,4.293086692440158,6.291065846146547,1.6563135049192623,2.2962904149673236,2.4266184395740074,0.2177524257192485,2.25526685828002,2.3444745964020366,0.19909027207366292
MixedShapesSmallTrain_TRAIN.tsv_0,0.109375,0.05,0,9.604034298004223,17.208137400905915,12.819542723720744,9.537076026564042,14.47134694508588,5.428745778935361,2.2715454193769333,3.6159394374744895,1.0287109384355118,2.040075056536536,3.304637888080426,0.7549588574393022
MixedShapesSmallTrain_TEST.tsv_0,0.0439453125,0.05,0,10.270881161861542,17.332090858847735,11.59358910388921,10.130468520497518,13.088913763218814,6.746622018702781,2.4026272784974743,2.4522887214969904,0.5560229701841554,2.3258560989416392,2.3183628049231024,0.5274569150050598
ECGFiveDays_TRAIN.tsv_0,0.16176470588235295,0.1,0,9.451449920824345,9.79917118331437,15.888243920220217,8.179583125664676,8.397575092019295,1.5448346222898903,8.674272682889924,8.518471296714875,13.806300184407371,6.048747537972641,6.501970890638585,2.0218048650038245
ECGFiveDays_TEST.tsv_0,0.18382352941176472,0.1,0,8.510243104008842,8.85854435461612,9.32341338407002,7.2575366175748455,8.365145783071446,1.8377595942247957,7.149028740099969,6.541657486159533,5.5168744197242265,4.577714110913167,5.157562406956444,1.929747289674981
ToeSegmentation1_TRAIN.tsv_0,0.15162454873646208,0.2,0,6.766771308436239,8.720035792992745,9.806034039951928,5.186041295956317,7.840592331461566,4.539676120013342,6.531933107020279,5.777153799935138,6.9804619585594,4.091182250626231,4.097524046346661,3.014078384740501
ToeSegmentation1_TEST.tsv_0,0.1624548736462094,0.2,0,6.307936928089841,9.01752182205081,15.619375449654504,5.938127053678688,7.543669984760625,6.7818944174270195,4.901708806299154,4.19744717424055,3.118330448749647,3.7045171304486946,3.061838124918237,2.228194012684041
BME_TEST.tsv_0,0.1640625,0.05,0,2.5200899230585017,4.3889853450438325,1.369773919825613,2.1994946302868312,3.6952466614199215,0.67489480836081,2.385253356969406,2.207021919727386,0.7641647745971553,2.068295111526812,1.9343872919368137,0.35388789021600675
BME_TRAIN.tsv_0,0.1640625,0.05,0,2.891047496832419,4.6927528680116914,1.677415581979192,2.3056980876405353,4.167405803416006,0.3231284032939967,2.2680542568984476,2.2866982302325587,1.0952316097077235,1.7787539302962982,1.8091673596519504,0.38877187936181573
WordSynonyms_TRAIN.tsv_0,0.1814814814814815,0.05,0,5.9516937795417695,9.745132947703265,8.388709427496694,5.725404769371977,8.868032602929915,3.0810110973798865,3.292487933030163,2.9403156893405527,1.7005685725732422,3.022509259245899,2.4595656393573453,0.8555809160571252
WordSynonyms_TEST.tsv_0,0.06296296296296296,0.05,0,6.635534709274473,9.66685279851959,5.0688030543315445,6.09386040156688,8.200323658672447,0.4551403566045538,2.4261656934762983,2.0128166484160546,0.5927047484305825,2.3687873959250094,1.8895881650454767,0.275028014983438
Rock_TRAIN.tsv_0,0.04852320675105485,0.05,0,7.435834227368363,23.835150569767155,28.472919258097264,7.095413177707805,16.708975117751915,7.350204097072459,2.219288061711114,3.1879206068253434,1.4323510123015877,1.907420348276064,2.782110187774504,1.1525506504451133
Rock_TEST.tsv_0,0.012658227848101266,0.05,0,12.7947305312153,27.467903569683354,11.062651682828394,12.174592508482622,22.647769682020154,1.8407823624554547,1.8926648640764407,2.630297664553074,0.7391383372244545,1.6400607488980847,2.3998205225468054,0.6944418989092953
Adiac_TEST.tsv_0,0.06818181818181818,0.05,0,4.375524245719109,3.193113061816428,0.6770643182511867,4.108615188842985,1.6833615980423222,0.31008092579221974,3.001421390840161,0.9682717612276304,0.17713241146677317,2.9858166082776307,0.9544601673703436,0.15614197410348768
Adiac_TRAIN.tsv_0,0.07954545454545454,0.05,0,3.7185420090965056,4.665722720705146,1.7168319602443596,3.551223347214144,2.5866180184907352,0.4955303472311838,3.054251873002443,1.941694131851348,0.24960101834750284,3.020072286737859,1.861415807220395,0.1784825139502102
GunPointAgeSpan_TEST.tsv_0,0.10666666666666667,0.05,0,2.9970930828649607,5.898622723173876,1.9029820182263302,2.7026691038578403,4.594386234998655,0.7696163360319233,2.180608519289779,1.9646592387232324,0.4212779319742645,2.1224793780429816,1.8568061431709237,0.23834564820853588
GunPointAgeSpan_TRAIN.tsv_0,0.08666666666666667,0.05,0,2.5631846919541372,2.70900271861226,0.8884589510409848,2.140705146859973,1.762478402066397,0.3719491806821613,1.8374054693822204,1.7059689634015776,0.2214762029976493,1.801495140182987,1.6716205034425298,0.16882397441832933
AllGestureWiimoteX_TRAIN.tsv_0,0.18,0.30000000000000004,0,4.939327156168157,6.5485220643502435,10.750249967636655,3.886235010258893,5.585796200951869,3.920644960275754,4.870414503246486,4.4576158159780475,5.530749407471784,3.2939810259721427,2.8469492417336637,2.77082986112101
AllGestureWiimoteX_TEST.tsv_0,0.16257668711656442,0.35000000000000003,0,9.828409758847858,11.570946083862381,18.163840061897467,8.749942342287246,10.599920085170705,6.816680181786531,7.372500724058293,6.821005948527677,7.765568634578875,4.939492384791771,4.6033065301504035,3.9702512984423746
PickupGestureWiimoteZ_TEST.tsv_0,0.1947565543071161,0.2,0,8.642462286412723,10.936919736115678,20.90146968041865,8.027201281168143,9.959955631663496,4.990745490339664,6.811618617839378,6.798353934354828,7.843386634510564,4.2758392800389275,4.391637207073617,3.3913862333590337
PickupGestureWiimoteZ_TRAIN.tsv_0,0.10493827160493827,0.2,0,7.758305658700057,10.54918310035768,12.24636656598649,7.1105025131072175,9.252549630148643,2.2760545520050637,5.464011302980409,4.4731262044196844,5.0093568232362475,3.8806610770213137,3.366947343764667,2.3904657303777874
FreezerSmallTrain_TEST.tsv_0,0.036544850498338874,0.05,0,7.203935730657175,6.427084490990837,0.9197302120327846,3.4636824502720844,3.947607657268016,0.23547074407212912,3.649199317834281,3.5585779578282994,1.1991708418585811,0.7894340978692627,1.053655330538615,0.2829295899440328
FreezerSmallTrain_TRAIN.tsv_0,0.029900332225913623,0.05,0,8.903484613125155,7.159369038249036,0.442822816080825,7.49625005517423,6.444706375926811,0.21794008463276737,3.397937323506939,2.936281377859443,0.2723244887758764,2.0136658238428446,2.1716905977748,0.26896536793634496
Haptics_TRAIN.tsv_0,0.054945054945054944,0.05,0,7.248039116060952,14.288745758209041,27.872698322841575,6.893217858718464,10.37597906430549,12.95989793438521,3.3232762216244573,4.067457270941468,2.4882232287053956,3.190933057649903,3.8786078998338023,1.7167373272129673
Haptics_TEST.tsv_0,0.05860805860805861,0.05,0,8.598146454311154,14.877615583116487,26.7534456179685,8.250204160845112,10.816327294195853,13.421791883171949,4.007022331838611,4.206704213799602,4.789750429581067,3.810179643019887,3.9693957627574474,4.282234114449308
HandOutlines_TRAIN.tsv_0,0.008859357696566999,0.05,0,15.7807513039885,26.58737332499243,7.053187177122273,14.536383197786114,19.39173580586703,2.443319808150478,3.0254428232838384,3.7659392241431506,0.2278637425357745,3.0030419516524613,3.7279386577644136,0.1729835212957813
HandOutlines_TEST.tsv_0,0.005537098560354375,0.05,0,19.279897307581138,25.85485572382879,9.728268673906237,16.16751722585208,19.74075252778577,1.7438507064505084,3.1005860363308027,2.961403037684374,0.218739447649642,3.0882725942214817,2.935527828747633,0.15069931298063682
UWaveGestureLibraryY_TEST.tsv_1,0.10476190476190476,0.05,0,3.7693390689272177,7.106335537386903,3.4934447307495713,3.6294551832071265,5.516607962295534,1.2260416805003311,2.0513712490183864,2.5499472713621945,0.4255757977400747,1.9320526329433472,2.4026639026510868,0.3494095266046493
UWaveGestureLibraryY_TRAIN.tsv_0,0.06031746031746032,0.05,0,4.621707930871975,7.190234221383251,1.5589246267949832,3.9509572038328753,5.728723805069862,1.0985167889436516,2.255516547274667,1.5281754609663514,0.33380089804161883,2.1992505698935183,1.4909759135397158,0.20688876103256643
OSULeaf_TEST.tsv_0,0.1053864168618267,0.05,0,5.975803222111744,8.586852321343164,11.322527575958192,5.414221542481135,6.458972578473426,4.639919921241858,4.297079975654778,3.275743760179216,1.4905947190676205,4.146814884614397,2.9790957593364293,0.5187508046937469
OSULeaf_TRAIN.tsv_0,0.1451990632318501,0.05,0,4.023164016845005,8.251387275165314,4.327331978774074,3.865856631844704,6.347146504638768,1.1280243727080235,2.9439276094563063,3.09630483334843,1.024709145609098,2.749412802754275,2.6497225127690243,0.6018400083129037
SmallKitchenAppliances_TRAIN.tsv_0,0.034722222222222224,0.05,0,26.308763360644793,26.010131581736594,35.15036364005587,26.095833729895908,25.385154996351904,6.044871599825975,31.17424477695692,31.226498965639287,41.961708576121154,30.431200368120038,29.902477164600608,6.60180936158587
SmallKitchenAppliances_TEST.tsv_0,0.03194444444444444,0.05,0,26.369894862642447,26.144842938571426,58.054769863765664,26.229271377454065,25.709550570273922,48.75387800250509,32.51028551619011,32.356255673811035,43.66319076252757,32.02665919116784,31.56809851623563,9.661962049906993
MixedShapesRegularTrain_TEST.tsv_0,0.0439453125,0.05,0,10.270881161861542,17.332090858847735,11.59358910388921,10.130468520497518,13.088913763218814,6.746622018702781,2.4026272784974743,2.4522887214969904,0.5560229701841554,2.3258560989416392,2.3183628049231024,0.5274569150050598
MixedShapesRegularTrain_TRAIN.tsv_0,0.109375,0.05,0,9.604034298004223,17.208137400905915,12.819542723720744,9.537076026564042,14.47134694508588,5.428745778935361,2.2715454193769333,3.6159394374744895,1.0287109384355118,2.040075056536536,3.304637888080426,0.7549588574393022
GunPointOldVersusYoung_TRAIN.tsv_0,0.08666666666666667,0.05,0,2.5631846919541372,2.70900271861226,0.8884589510409848,2.140705146859973,1.762478402066397,0.3719491806821613,1.8374054693822204,1.7059689634015776,0.2214762029976493,1.801495140182987,1.6716205034425298,0.16882397441832933
GunPointOldVersusYoung_TEST.tsv_0,0.1,0.05,0,2.983707884482787,6.283570768539583,1.820372123084482,2.436753634810835,4.62411553919257,0.5327269031154717,2.0504152387542844,1.4349129205880657,0.36974702781818924,1.8786713547282163,1.2653182245563723,0.2498771580585194
FordB_TEST.tsv_0,0.194,0.2,0,11.588597209826808,13.931974269341023,42.52647855302025,9.15306396277083,11.331208098884423,17.495849586682223,10.084199500609351,8.275895001468227,5.95550909425978,9.509613883454788,7.236521234447466,2.7742298368160476
FordB_TRAIN.tsv_0,0.172,0.25,0,9.737925523770532,10.394721502021442,29.006925304277594,7.779126237126492,7.887335378649639,12.963535355199594,9.425784064137652,7.689105835323666,7.67407613440318,8.751100463821981,6.703649106152096,2.9584463677474235
FacesUCR_TRAIN.tsv_0,0.17557251908396945,0.15000000000000002,0,3.032668137112481,3.9113452739892183,8.200524280791788,2.7183821163175317,3.3039784594802732,1.872217140666027,3.6537276099899647,2.6500879578550434,2.8846553039162077,3.567393425430329,2.41817249185685,1.1743077603516638
FacesUCR_TEST.tsv_0,0.17557251908396945,0.35000000000000003,0,6.525981495692271,7.039744356068791,8.997269848224729,5.134744289494266,5.813450575155548,4.46741289724516,6.108281911102464,5.656813294239723,5.047843560563844,3.9489529687154725,3.51926126960808,2.8423905763426207
CBF_TRAIN.tsv_0,0.1640625,0.45,0,4.728936679857018,4.768375128541141,6.9245131992158235,3.70061064442623,3.6085307808707223,4.441037107865091,6.343361188332041,6.252167294364386,6.025651876496968,4.391152957572765,4.4092137698435785,3.5646089416330984
CBF_TEST.tsv_2,0.1640625,0.5,0,4.702401796809446,4.829244832004603,4.672730390987215,3.6452569852101906,3.83332567633298,2.6398824965712566,5.831279056870138,5.597354756268586,6.772552013042962,4.461343827226672,4.839427004738479,4.248719807225151
GunPointMaleVersusFemale_TEST.tsv_0,0.06666666666666667,0.05,0,3.855301457441705,6.596797263081296,0.7876568544241488,3.0507642359902802,5.455744890887117,0.2298091786451136,2.5277296257538144,2.0583315221545364,0.21561569836596714,2.478900752899894,1.9659951307079824,0.15634796142024335
GunPointMaleVersusFemale_TRAIN.tsv_0,0.07333333333333333,0.05,0,3.3046352789142452,5.462530396781047,0.518886862163961,2.98414313164494,4.170289594172117,0.23587961839858357,2.7531613866203926,1.6410359507662677,0.19167771696932803,2.617987796955018,1.4767568637145438,0.18714974179729696
FaceAll_TEST.tsv_3,0.183206106870229,0.5,0,7.203984142121125,7.093912834755125,8.287934566714174,5.989895516365838,6.192305542910445,3.8835100121557713,6.514290812377115,5.766127219224291,4.272889920869399,5.158084225241821,4.7038075445788285,2.9351748701333906
FaceAll_TRAIN.tsv_8,0.1984732824427481,0.4,0,6.689841656163822,7.001090841256528,8.598829985480133,5.666845060740751,5.967700228427919,3.1157818635382397,6.606823779545676,5.671827867715074,5.232791801007506,5.249554401116681,4.4039674568278535,2.479397852978042
LargeKitchenAppliances_TEST.tsv_0,0.05694444444444444,0.05,0,16.154073251647084,16.252799091217618,45.49230490777419,15.36797060364907,16.057364716762077,8.974362720883818,10.708987980509079,10.55438277239049,24.511713273798442,8.246017976300383,9.187574856377484,1.5975129220156474
LargeKitchenAppliances_TRAIN.tsv_0,0.025,0.05,0,24.889434188620402,24.38446117221422,11.245935264875872,23.364579441761098,24.02317186479908,0.6176201064733096,14.177660906015403,14.055255022627302,15.666534562423402,11.530999392009155,12.859069421919283,0.519585699320129
Plane_TRAIN.tsv_0,0.13194444444444445,0.1,0,4.020105724242342,4.974044066321711,4.81418205394238,3.47079439318379,3.582253776782058,2.91375333363695,3.4082397319265763,2.9913310179029122,0.7466307943221051,3.264442295741418,2.791457719199405,0.540288257444652
Plane_TEST.tsv_0,0.1527777777777778,0.1,0,3.311852976850849,4.899318680733112,3.5443908902439336,3.1465950011506796,3.7726622841680224,1.925401953367814,3.1851404122156066,1.9644096464310845,0.7149581267448084,3.1257571075406845,1.8302164123929487,0.5820218177661639
EOGVerticalSignal_TRAIN.tsv_0,0.032,0.05,0,4.372655130123937,13.263098901699452,3.9906545278939074,4.141061738639133,12.386949112081037,1.990794924745134,1.3930867089425796,1.7629228811957296,0.4791471160034011,1.2483852622249048,1.5748285159937174,0.432551277944802
EOGVerticalSignal_TEST.tsv_0,0.0088,0.05,0,7.094706510804484,9.931373762162838,1.6801066031436414,6.7997931339295326,8.488064823762135,0.5156522394892377,1.4087453855038166,0.26738761970710123,0.13955295953361552,1.350789780387317,0.2560347590683054,0.13380972863410973
RefrigerationDevices_TRAIN.tsv_0,0.17777777777777778,0.2,0,7.091172195528749,6.8073033678617305,17.03052644867089,4.4926609789519505,4.714548842345326,3.3531922182714373,9.01425786018439,8.106922579038098,10.617092948124117,4.322597786394441,3.9492176291596173,3.089469626152961
RefrigerationDevices_TEST.tsv_1,0.19583333333333333,0.4,0,14.409218953204837,14.026699185159332,28.836858919455356,8.690389841021384,8.799212522289542,11.116744344035173,16.503047421012564,15.418454073627407,18.36408548050083,7.24373214667819,7.848871650349454,6.189838818769228
NonInvasiveFetalECGThorax2_TEST.tsv_0,0.14133333333333334,0.05,0,9.26449146977076,15.598286672221192,19.167797526777356,8.829352082038827,13.68618200373215,4.963106872362399,3.473108623481284,4.205349162183979,2.1544292602730053,3.0279937940781956,3.733857419382892,0.9534248454611819
NonInvasiveFetalECGThorax2_TRAIN.tsv_0,0.07466666666666667,0.05,0,11.202633204167347,16.54303390840779,29.75140642739555,11.070820571993218,14.232232019608897,7.487483341754341,3.9616583965614596,2.9664292301215114,2.594064658439308,3.7999556671461057,2.7338479701174627,1.1030383044138206
Mallat_TEST.tsv_0,0.0751953125,0.05,0,7.14029629991005,9.762980716568622,23.02908584998435,5.402790646910021,5.814150363368532,6.9915715827975875,4.069375717227362,3.572777060985977,2.5259154051987975,3.535547536154709,3.0537821139177668,1.5029785805026767
Mallat_TRAIN.tsv_0,0.0625,0.05,0,6.918053517666938,10.674018673473153,17.29861220853357,5.5318614788869365,5.734519482235228,3.973037523011912,4.922820773969087,4.088726899975955,3.640460270587677,3.3472662575655496,3.135307636945996,0.9796124152133531
ShakeGestureWiimoteZ_TEST.tsv_0,0.1702127659574468,0.4,0,5.449171620864698,6.6003679782213736,9.160728806860138,4.258746878670111,5.1388968510537625,3.702427546280612,5.573067809101347,5.209911013884912,5.012976321204628,3.4838958979813177,3.2727710903550813,3.0973626272399497
ShakeGestureWiimoteZ_TRAIN.tsv_0,0.18421052631578946,0.2,0,5.923168738603489,7.9804634514040735,20.55579413831754,5.151557487540723,6.545978399608655,5.983957766252007,6.539960438547909,4.578452175717368,4.83876145479475,5.239993020386325,3.48495641206908,2.084354595958223
UWaveGestureLibraryZ_TEST.tsv_0,0.03492063492063492,0.05,0,4.024074023168828,6.7316682098704685,0.8883033806781567,2.834364956415925,6.071449095695195,0.2037189360748214,1.5927973825189132,1.5132747725613016,0.1850017506304181,1.4833069716799754,1.4558956805903631,0.14711057205565561
UWaveGestureLibraryZ_TRAIN.tsv_0,0.031746031746031744,0.05,0,4.117380538488376,6.672529783553676,0.9444208041236443,3.608271640356809,6.1203995785768175,0.4149585344882646,1.8691715703730984,1.504875420891069,0.13945310934214547,1.8431277901278578,1.5045776696010214,0.126485374297023
Beef_TRAIN.tsv_0,0.15531914893617021,0.05,0,5.792438843611597,10.349244912256289,15.558425867807799,5.441120001778395,9.09019632893366,3.384909512979071,3.8789743114132116,3.871773798787266,2.8515479116913913,3.3687749234603825,3.180161800583039,1.0883391808929441
Beef_TEST.tsv_0,0.13191489361702127,0.05,0,4.713889056909169,9.482775424400574,8.496097175918598,4.273163295627678,8.194963676986225,3.0694383263431297,2.535372759296433,2.7861736821357486,1.276848419322839,2.17241954976638,2.3856906323708995,0.6739684951707503
ScreenType_TRAIN.tsv_5,0.12916666666666668,0.05,0,6.6385358602765265,14.666997982827022,23.20651550496729,4.230153118635835,13.546246882635236,10.219087791628933,6.614112312727934,6.053585127368376,7.766559459382309,3.268456202755161,2.8768711916654848,1.1973323428448044
ScreenType_TEST.tsv_0,0.18055555555555555,0.15000000000000002,0,6.275404914624204,6.07629711994229,15.082260768220706,5.265691363248073,4.409275689224654,3.3868986666797527,5.845779850898651,5.1525007038598,6.364461421052191,3.4744402696551044,2.8408909710743377,2.628962045273921
DodgerLoopWeekend_TRAIN.tsv_1,0.1736111111111111,0.5,0,5.754593357375063,6.833740837069346,11.976061220136199,4.877563854544045,5.3143521178009605,5.144986507489569,7.9075859325917595,7.434581460331257,9.02040954011823,6.34350887817534,6.365770855739781,6.1251073455445235
DodgerLoopWeekend_TEST.tsv_16,0.19791666666666666,0.5,0,6.026701987154869,6.830857930726155,10.227330755745221,5.346351856150918,5.326210192462139,4.901164751475198,7.801067387679041,7.7252772276263775,9.342783013117554,6.335462613440697,6.421537741274656,5.966239533448441
Fish_TRAIN.tsv_0,0.0367170626349892,0.05,0,5.996593825211812,7.363112440313483,4.248549961103988,5.706650555408679,3.036389566338389,1.5832008145427803,3.229381946120753,1.684476432950879,0.23883797196732975,3.1986096275479183,1.5844050330941577,0.1841121710207996
Fish_TEST.tsv_0,0.032397408207343416,0.05,0,6.675808234088693,5.747738200791013,2.689223065307817,6.215842496542656,3.0644786692483215,1.0195092764564622,3.4734171004675938,1.5843097254158902,0.29471796047644216,3.4565842866663257,1.5098846637448404,0.17103748551939785
Lightning7_TRAIN.tsv_0,0.18181818181818182,0.2,0,9.541635248252057,12.841445608979374,9.323045114701996,9.445462745925056,12.21527093739211,2.62982270346015,6.118568321785608,6.034365771249014,7.62517278722243,5.05913762350879,5.015503479554667,3.0155544596915287
Lightning7_TEST.tsv_0,0.16927899686520376,0.35000000000000003,0,10.558502094004192,12.10009964124074,16.586800409100846,10.404853431852956,11.367616277074548,4.029172309585126,13.095268993733624,13.732568142539662,20.581541193827174,12.819127993821734,12.547963762280126,4.200783813354082
Trace_TEST.tsv_0,0.12,0.05,0,3.4944700512780833,4.165162229762993,1.9539884092611306,3.469485995450861,3.388505880034173,0.6060476455915084,1.5006938617663588,1.1545428310544616,0.6942824693708668,1.329925416764059,0.9483351393816021,0.5558979791940162
Trace_TRAIN.tsv_0,0.04727272727272727,0.1,0,8.504623646064909,10.951384742048994,9.641609321294608,6.155713771994994,7.183398504231202,1.7072381339302676,4.792667006961251,4.623333295001589,6.682487095579782,2.3464181973775915,2.37654337834666,1.7054254068038464
Worms_TRAIN.tsv_0,0.15444444444444444,0.05,0,7.374616984477659,14.041566621289858,22.579276308480704,7.072440612731267,11.587147658552574,12.104489942065202,4.088085644295296,4.460339879104641,1.5930782329886217,3.455068175119923,3.725683770930606,1.066640924185384
Worms_TEST.tsv_0,0.15222222222222223,0.05,0,7.180125067033449,12.174855540853695,19.82971581851715,6.913479513641103,9.957661179548078,10.9217726299121,3.7738547500545305,4.330457668261022,1.5891821655922187,3.31190765540967,3.665513828588142,0.9699696958012316
PowerCons_TRAIN.tsv_0,0.19444444444444445,0.30000000000000004,0,5.114345652594479,7.147323173055649,9.680972052625226,4.503508361826268,6.348255358745124,5.561974927439402,4.769572798594886,4.885547275862023,4.990216590634138,3.5884589331440853,3.013221358654119,1.9862368948240536
PowerCons_TEST.tsv_0,0.1736111111111111,0.1,0,4.772546493623481,7.177255538437147,5.794306071807346,4.5947534117935165,6.701717022003394,1.9646370431486835,4.555570071476846,4.611953207053461,5.61900705337373,3.5814811525520236,3.4750103030292094,0.8780433278817513
DiatomSizeReduction_TRAIN.tsv_0,0.0463768115942029,0.05,0,5.148332980422533,5.874032762063724,5.290461639861975,4.789491391181569,2.6518733862762294,1.3720532365352038,3.2235888363603884,1.4742301724786238,0.3355386317656131,3.143699154965013,1.3485338125380586,0.2865833743940723
DiatomSizeReduction_TEST.tsv_0,0.04927536231884058,0.05,0,4.916441121517272,5.622689073931819,3.722936624345939,4.496707340016209,2.2695713649501195,0.6192736842411786,3.181033686939249,1.3606332428171402,0.29892075320660755,3.141675329729808,1.2616988641359592,0.24645964864004571
GunPoint_TRAIN.tsv_0,0.11333333333333333,0.05,0,2.3399322425603866,5.5100755313394485,1.2892193400814917,2.02189895500581,4.481879037112499,0.4182160999044486,1.9354405191116528,1.3849538076154766,0.45390777335069693,1.761522287285907,1.0931969249301785,0.34265441267747143
GunPoint_TEST.tsv_0,0.08666666666666667,0.05,0,2.888260306032925,3.1251265820410676,1.1207206373565441,2.326407536971876,2.0269651606088934,0.22620347830342558,1.7069108465607759,1.6744097021404563,0.280116146501716,1.6218922758120176,1.5752723129381538,0.19699595971272116
GestureMidAirD1_TEST.tsv_2,0.05325443786982249,0.05,0,2.6777263814671355,6.390626989576643,0.5406500446041023,2.144793177318717,5.523923045513119,0.2618905675568331,1.5531348727851808,1.821046428494761,0.1931576066687167,1.447370340522924,1.7051388930011988,0.17771154873217743
GestureMidAirD1_TRAIN.tsv_1,0.12173913043478261,0.05,0,2.308848053573923,2.204533760592642,2.343358117874869,2.21805420501609,1.064649846427887,0.9579309161343174,2.100036289669474,1.105862148868071,0.426042721935145,1.954508101610255,0.902549154281033,0.24646327533870935
GesturePebbleZ1_TRAIN.tsv_0,0.1357142857142857,0.15000000000000002,0,6.7578168666666425,8.275751380138697,4.439216234284406,6.622481799942655,7.802989621226087,1.405128935229841,3.416961318284204,3.711046172856526,1.049105481222892,2.6497258903586314,2.9314325400261376,0.9488336910070926
GesturePebbleZ1_TEST.tsv_0,0.18,0.1,0,6.551824366676523,7.935878730100304,9.760097040764613,6.2688384602877765,7.5431650998006035,3.091896613741433,6.571795654961274,6.048140478195387,8.520047458993506,4.164640635423471,5.214612986096201,1.7751181684977204
CinCECGTorso_TEST.tsv_0,0.06711409395973154,0.05,0,25.36503070865649,30.766269514231006,55.327061565541406,25.256705450664334,28.747435228365763,6.904539363048251,3.803424339620358,3.7502990956353637,3.746966596537168,3.4186709829705135,3.25781875820162,1.1416540559285393
CinCECGTorso_TRAIN.tsv_0,0.17754728492983526,0.05,0,29.698242266617594,33.58141049307843,45.626606153546845,29.651231654165226,32.476276757079795,9.877782061744934,6.076200284711825,5.838276910771893,5.437855557192946,4.86106797154143,3.6550032417496956,2.353243493258218
Strawberry_TEST.tsv_0,0.15319148936170213,0.05,0,5.036851517522086,7.77206959308392,3.0391428367744227,4.907933176266478,6.888365899257698,0.9394481845893312,1.8698253421961333,1.7315609495049422,0.9362582279417411,1.539547129666693,1.3385639676337169,0.4930006578205925
Strawberry_TRAIN.tsv_0,0.17872340425531916,0.05,0,4.259633586123342,7.809750157053139,5.8482474209651345,4.164935146798132,6.7770617819311045,1.9281479180605579,2.042566153435352,2.620378810192338,1.3899593906688157,1.767120032028674,2.208446789562896,0.5480310279556625
HouseTwenty_TRAIN.tsv_0,0.0955,0.05,0,23.293434334782045,31.530599350313377,67.59842757550868,19.797576962588565,29.589933040550914,41.291685366073246,25.01854483762637,23.919884854281335,32.59654846957075,18.335126963699643,19.976026166427165,2.6105715136952474
HouseTwenty_TEST.tsv_0,0.0655,0.05,0,28.030624100354792,33.53064223919905,37.138740959903906,26.68485716972572,31.98806766351576,13.249720399111656,16.572431004768337,16.16667205414546,22.40208031519619,12.03338238775001,13.13930091992141,1.8866110659823903
Wine_TEST.tsv_0,0.1581196581196581,0.05,0,5.187981220372883,8.458716924787621,9.075780668148592,4.978447397146209,7.672257632555352,5.669748596048202,3.2820640515777697,2.9256716740816557,1.9479317005732877,2.898957182490407,2.5836960042210704,0.8652741698350388
Wine_TRAIN.tsv_0,0.14957264957264957,0.05,0,5.133261448997199,8.44224541199226,5.326255514081654,4.922095754996645,7.705639596197098,1.978281450171347,3.046401197556233,2.843850913255628,1.7205229314853066,2.667503447155751,2.513376253193959,0.9576663431765665
UMD_TRAIN.tsv_0,0.12,0.1,0,4.779341953255805,6.691259866311414,1.2502306742896443,3.5607898005965146,6.03562498474915,0.6949643720320761,3.4282475211927728,3.267090217368606,0.9678598076392156,2.4094681649089353,2.2778439151276846,0.6958366185977191
UMD_TEST.tsv_0,0.12666666666666668,0.1,0,4.068306400629794,6.396038920563369,2.7604752094327547,3.6102344542353864,5.65482140810081,1.051798123683624,3.0784145116781536,3.041577101888141,1.6231264478187402,2.2605384219243088,1.9429443968762363,0.5719958658784339
PigCVP_TEST.tsv_0,0.121,0.1,0,9.38558501657687,18.63040478970254,49.52198220722704,8.482384208228858,13.570738090418375,22.242582611188286,7.5293825743399045,6.678399380448497,4.155801333147972,6.2619070466268525,5.023394262569603,2.9390522650052184
PigCVP_TRAIN.tsv_0,0.131,0.1,0,8.741634701379702,17.431534769360837,45.32703649824686,7.991317576264966,12.826984706217154,16.627714572287157,7.258449317707368,7.202238346005122,4.593585566289431,5.912492444687202,5.521518732482797,2.9206437738515976
SemgHandGenderCh2_TEST.tsv_54,0.19866666666666666,0.5,0,33.113646703061555,35.43885251537114,69.36868366039491,32.66786670593559,34.06161831075025,50.70388740922431,29.72237669198713,29.648385935821835,41.31898076501299,27.607656251935204,26.968828861614604,17.884021120852715
SemgHandGenderCh2_TRAIN.tsv_13,0.19266666666666668,0.5,0,35.47067349316657,36.65861462857822,90.34108666256316,34.923432729070456,35.574996987288536,57.23738919543303,48.89479508840338,49.12281344914544,68.59906413819961,47.373419169782096,47.22554781828999,16.752190423916062
AllGestureWiimoteY_TEST.tsv_1,0.19858156028368795,0.05,0,2.7476595325543434,5.663343598930641,4.760750130645473,2.3789762834321397,4.909244472057384,0.9970911836516726,2.143076770552588,1.8486787356511507,1.3908862002317808,1.7612628520234084,1.3323059493007607,0.5636660607397648
AllGestureWiimoteY_TRAIN.tsv_3,0.15853658536585366,0.1,0,2.2603118154365878,4.614637380938511,2.192488870109019,1.979353393025096,3.483317937108758,0.9757379470736905,2.155174695770694,1.8624499200674747,1.1984544210706498,1.7241105084231052,1.4167591509429434,0.8910430139435501
DodgerLoopGame_TRAIN.tsv_1,0.1736111111111111,0.5,0,5.754593357375063,6.833740837069346,11.976061220136199,4.877563854544045,5.3143521178009605,5.144986507489569,7.9075859325917595,7.434581460331257,9.02040954011823,6.34350887817534,6.365770855739781,6.1251073455445235
DodgerLoopGame_TEST.tsv_15,0.19791666666666666,0.5,0,6.026701987154869,6.830857930726155,10.227330755745221,5.346351856150918,5.326210192462139,4.901164751475198,7.801067387679041,7.7252772276263775,9.342783013117554,6.335462613440697,6.421537741274656,5.966239533448441
GestureMidAirD2_TEST.tsv_0,0.05,0.05,0,3.7795554976817423,4.766052585708643,0.5217562049483359,3.5513182213249475,2.3716518924377503,0.20213911970402662,2.5379683248789915,1.112099096302025,0.23150717213708985,2.4155793257708384,0.9714883685414796,0.21929335274698047
GestureMidAirD2_TRAIN.tsv_0,0.04583333333333333,0.05,0,3.6619401032150423,5.844545410420227,1.3439700799996035,3.2838948907539063,3.3534427173709376,0.20882551813979622,2.2582297746932944,1.4351756972652348,0.23826788310608482,2.2054868857176633,1.3702267623070443,0.1970985889519715
ECG5000_TRAIN.tsv_0,0.16428571428571428,0.15000000000000002,0,6.079709741581745,7.928378903666733,4.552447349001197,5.611894756269492,7.482938068719683,2.21274391801325,4.0142299416461436,4.268527513976526,1.6083376612395852,3.476402894109288,3.471005683987942,1.4441307407166903
ECG5000_TEST.tsv_0,0.18571428571428572,0.15000000000000002,0,7.954399116034115,8.206454224582805,11.520215684939629,7.636251338577824,7.816691780303513,4.67956921687667,6.113018111934264,5.716115059468032,3.10376399513255,5.569215517075216,5.312028769943375,1.8646699377048397
UWaveGestureLibraryX_TRAIN.tsv_0,0.08888888888888889,0.05,0,5.6736871277109175,8.9129641683785,7.880897663448646,5.063162856038216,7.27910772765524,3.12362559002822,2.872118391107046,2.4743521256041334,0.8414168584386523,2.771231293843656,2.2501536961427773,0.37021126045119374
UWaveGestureLibraryX_TEST.tsv_0,0.07301587301587302,0.05,0,3.710238042261172,5.174642932749042,3.9796545093817097,3.246493888473609,4.784081939160565,1.8297160834030854,1.9835407866092032,1.4589229755108009,0.3754889647434318,1.916512250793162,1.3967964828755133,0.20347559921025204
NonInvasiveFetalECGThorax1_TEST.tsv_0,0.07733333333333334,0.05,0,9.65604796652842,15.426636415559317,19.313065467525895,9.488545569518147,13.197372016280237,6.087474787333195,3.9492938109491567,3.2255156499242164,1.591361067227895,3.631933391514609,2.7612545079708366,0.7994740720000245
NonInvasiveFetalECGThorax1_TRAIN.tsv_0,0.13466666666666666,0.05,0,13.564904223265927,18.7765367922801,20.83609602696131,13.222736994164407,17.153484302091975,2.6966165032703606,3.402955731122152,4.342816669314532,2.690396092184203,3.0533396462182134,3.775870315901087,0.9760764659980431
Yoga_TRAIN.tsv_0,0.07511737089201878,0.05,0,4.351845273750366,9.237974428895969,6.345748353746046,3.931569316782599,6.368663369136901,1.657013841630433,2.7361949064444855,2.7170585798939073,0.5671807934424894,2.659173866519876,2.4622249069966555,0.4023238346023814
Yoga_TEST.tsv_0,0.06572769953051644,0.05,0,4.560806759227221,9.11358336184654,5.548606823079912,4.017891858441986,5.896712953662119,1.7604486009470592,2.928658285263557,2.3279657671850056,0.4541263987557578,2.8559311115507344,2.1280855477549743,0.3680497911220071
Herring_TEST.tsv_0,0.05859375,0.05,0,5.395535186023973,7.5703526751827495,8.977470669811854,4.8114083130095535,4.903080034571704,3.503941622440652,3.0285234729628763,2.427632100376482,0.48436149166692677,2.927104396990153,2.3161251052403546,0.3385699091695475
Herring_TRAIN.tsv_0,0.07421875,0.05,0,4.052753546988208,7.333414870266045,7.691215265227836,3.711062899918969,4.2297895978377165,3.9006026355625645,2.619823802165745,2.639953516104216,0.5498368636440212,2.5163725912272303,2.455590894304203,0.33308256414331955
ArrowHead_TRAIN.tsv_0,0.13545816733067728,0.05,0,2.7541497072124788,5.991089028526463,9.320479988969144,2.4702583920807624,4.381713070035246,4.80007200794618,2.4481101557075933,2.205211668588152,0.7025440507986817,2.210759288555735,1.9800807676222376,0.5133652710546606
ArrowHead_TEST.tsv_0,0.10756972111553785,0.05,0,3.147157207366564,6.077880164015594,2.759563233873805,2.922923549970163,3.9821627332766742,0.897428876296436,2.817616374277589,2.383422277380006,0.5828150628659273,2.6264729100392485,2.1725311801480545,0.45593471389713147
Symbols_TRAIN.tsv_0,0.04773869346733668,0.05,0,3.169337905232217,6.9839960906225755,3.814353878131554,2.9109374261620227,4.5138120566353885,1.3222007455632676,1.5558643679026618,1.588913101335262,0.33392968018353175,1.4597998120253737,1.5306728336560997,0.27805069834680896
Symbols_TEST.tsv_1,0.02763819095477387,0.05,0,4.599867215325833,7.421706155064039,0.9826011331247678,4.335569339172578,3.9141607610815106,0.28422910021519193,2.156253274592507,2.005204257465445,0.16479268497977223,2.0878263309797807,1.9651010821109587,0.1524354811535872
BeetleFly_TEST.tsv_0,0.103515625,0.05,0,5.8742370729840925,9.209237835635365,12.678266102028527,5.43869790575736,6.566136719772172,4.062784013591415,4.823530528932843,3.170292834277645,1.3726639492120185,4.671364429302621,2.852017021901397,0.5374877810297443
BeetleFly_TRAIN.tsv_0,0.111328125,0.05,0,4.951772744350085,9.320508727961574,29.139236544175276,4.620415684001923,6.872403741493608,12.203947432248006,3.6057094536054883,3.3669306179745924,1.6753215856493553,3.347202911301795,2.960635169278312,0.6904479642152554
Coffee_TRAIN.tsv_0,0.17482517482517482,0.05,0,2.4403128151991047,4.809225798947294,4.845163198457437,1.9972455081065454,3.7615893391696886,1.2962317770211038,2.396408116842587,2.567945004574832,1.1830327136238314,2.2083783946176445,2.2544272282006115,0.6124498413667212
Coffee_TEST.tsv_0,0.13286713286713286,0.1,0,3.102777684210897,5.89787486207461,8.107247089057967,2.855039398281739,4.457632393330442,2.9281125936203742,2.853386078943675,2.8775595901444113,1.3609459702617013,2.3151011691803536,2.320585261904433,0.9175519887343995
TwoPatterns_TRAIN.tsv_1,0.1484375,0.5,0,4.9772142694011725,6.126580641572185,9.602752022628897,3.615184330693118,5.312673421096523,3.133670303234907,6.350102394076697,6.055245366702124,9.705971959592686,3.7875196795519863,4.243739885366616,3.780538970778782
TwoPatterns_TEST.tsv_0,0.1875,0.5,0,5.082207554426697,5.874076233312037,8.687770424225823,3.3376343749871356,4.59230419690491,3.0857517996664408,7.464019330819683,6.796129686879049,9.574179901259065,3.8120776742300113,4.143153201412074,3.3839767896590103
SwedishLeaf_TEST.tsv_1,0.1640625,0.05,0,3.151646358406516,4.040637469647904,4.918252646017916,2.8966747718228008,2.9443761553631322,1.393194573866025,3.1059922223563636,2.1391348159870818,0.7304113247470324,2.894099310274654,1.8318066753294915,0.38062908757284913
SwedishLeaf_TRAIN.tsv_0,0.15625,0.1,0,3.2615455561232887,4.865619206547256,4.235664548555662,2.9915290292213665,3.926156096050756,1.4903756503865018,3.312036566708097,2.546236456369814,0.9287554377866578,3.0874854011416852,2.2305182175369636,0.5325583380663795
UWaveGestureLibraryAll_TEST.tsv_0,0.061375661375661375,0.05,0,9.265454129368951,11.944859081269632,21.88187445394718,7.75371775253835,8.788999146272118,12.976381234540284,5.505321367720768,5.065067373842623,5.46095892462095,2.9442473060625565,3.245366342613896,1.2254556816922497
UWaveGestureLibraryAll_TRAIN.tsv_0,0.09312169312169312,0.05,0,7.652265605172188,12.832844546579203,16.518296966675653,6.850680775274813,10.514283420803551,6.947424807573418,4.458715677889426,3.8170221226596652,3.3945200538215436,3.41165843196313,2.9971827071816866,2.705558696390386
Lightning2_TEST.tsv_0,0.16326530612244897,0.25,0,18.971777219539124,20.62342588077233,31.704105313311473,18.732105143111387,19.90214278667262,7.800720431369907,20.227608447705453,20.318611264500532,28.696152737727484,19.122389044561558,18.934046121544238,4.639300580953908
Lightning2_TRAIN.tsv_0,0.18524332810047095,0.15000000000000002,0,9.438077519894952,14.756063082302582,12.748301131982114,9.262239267786562,13.423802354822897,4.510973683518862,7.396339844609452,7.972042263830487,10.272586742275271,6.2074089626011455,5.897068896384093,4.239398311719395
SemgHandSubjectCh2_TEST.tsv_366,0.15466666666666667,0.35000000000000003,0,33.516651322741865,35.28842245929565,95.81760217433295,33.12965576289757,34.30592826156139,65.79807714222379,30.804127429448897,30.819201310353556,42.34947837933792,28.64867031770888,29.234971334078217,12.93599940494658
SemgHandSubjectCh2_TRAIN.tsv_184,0.19266666666666668,0.5,0,35.47067349316657,36.65861462857822,90.34108666256316,34.923432729070456,35.574996987288536,57.23738919543303,48.89479508840338,49.12281344914544,68.59906413819961,47.373419169782096,47.22554781828999,16.752190423916062
CricketY_TEST.tsv_0,0.18333333333333332,0.30000000000000004,0,8.799395917015035,10.88947178884641,17.06322521524525,7.806961521379955,9.778336636636995,4.644015089192492,9.329698616363226,9.094955669055311,11.166442576921177,6.957164373587358,7.006866477272477,6.2248140131882135
CricketY_TRAIN.tsv_0,0.18666666666666668,0.30000000000000004,0,7.342075874963686,9.614648637895128,18.743330647312593,5.994182165307583,8.265696482530544,6.42815235823956,7.132044737543026,6.651660616731506,8.339896395025537,4.613832880545096,4.629411381646846,4.2116908580249115
Fungi_TEST.tsv_0,0.12437810945273632,0.05,0,7.0149459794073294,9.634457815124247,7.891066210390404,6.861798968394748,8.923266478750621,1.3278491167960342,3.163931783979656,2.29729203722976,1.5381032524516205,2.7446475120863427,1.7007398142703272,0.7690680082208742
Fungi_TRAIN.tsv_0,0.11442786069651742,0.05,0,7.0217943431036485,9.744787050951665,11.444839288861095,6.967351184767099,9.013053257661676,1.5656054585136052,2.7850602331908556,2.2565882363638634,2.083274132789762,2.5531282773980135,1.7597761535074945,0.6640393767116236
PigAirwayPressure_TRAIN.tsv_0,0.0235,0.05,0,11.256535265907003,20.818083196273903,18.406698801030686,10.615874240433039,14.031252663188354,4.278831185817933,2.576763880033423,2.6686091577403857,0.8734086859185762,2.134210744514844,2.386930291614829,0.6693364672958513
PigAirwayPressure_TEST.tsv_0,0.0235,0.05,0,11.478720382454394,20.851891894698376,14.975841295059988,10.89506829049518,14.18473227009489,1.9940843076141057,2.577702176167021,2.8405637617080557,0.8707266788416705,2.145278033545262,2.5461745474967192,0.7341624143731341
CricketZ_TEST.tsv_0,0.15333333333333332,0.25,0,5.466314945466993,7.569141488637274,10.152387542655969,5.001825770285858,6.438890759821925,4.526446529421653,4.484300032103091,3.927710436404121,4.136258413028514,3.649134955081054,3.005299255710207,2.7736455167763485
CricketZ_TRAIN.tsv_0,0.2,0.2,0,7.840843166209937,11.465013571804464,20.34956995384701,7.705525159998919,10.325866099494391,5.390849407997639,7.058167607918954,7.017533936087853,7.438706392884597,5.336493224197044,5.555693271640458,3.7849340914754515
CricketX_TEST.tsv_0,0.18,0.25,0,7.488446055146681,8.50012359436976,14.485055108580934,6.850479460078963,7.6006002966633766,4.636071829273687,9.537847159033223,9.277302780633114,12.440591110312944,7.641301891226083,8.061225643477364,6.661275208975294
CricketX_TRAIN.tsv_0,0.19333333333333333,0.2,0,8.646320328873614,11.718589100788446,22.982259913985715,8.514167903656494,10.927540840433224,10.1633486415725,8.583118906085993,8.355944918525982,10.518850039781753,6.335075911500822,6.596133450671386,4.367339818659654
EthanolLevel_TRAIN.tsv_0,0.015419760137064534,0.05,0,7.8169255479617155,13.220978288919502,11.827768462057788,6.418282964661703,7.149554905286452,2.33231531901036,1.9261830197865317,2.0846768005779075,0.5561306231905602,1.8330284813621778,2.005311563185773,0.26236562418666526
EthanolLevel_TEST.tsv_0,0.010850942318675044,0.05,0,8.566810205032743,14.653273374002485,7.113719698001638,7.033221033435753,7.865296287662826,0.5334665376538892,1.9648549191112472,2.290795412194677,0.26616178999855516,1.9142462312204274,2.239610892483513,0.20912608055632814
DodgerLoopDay_TEST.tsv_6,0.16666666666666666,0.5,0,7.45848773318333,9.367691497401273,12.7096752477461,6.900205575754711,7.98830763065901,5.128242388289428,8.596981533292077,8.49442474547325,10.316295443654237,7.503929796290057,7.298535845536494,6.693150701544273
DodgerLoopDay_TRAIN.tsv_3,0.1840277777777778,0.5,0,6.827249909301935,9.405492459438516,18.25919560531342,6.332797598218281,8.08956256475502,8.119855760567491,8.182729570293729,8.226593999231431,9.856958115710313,7.159218533265079,6.700311497046193,6.686906089560507
BirdChicken_TRAIN.tsv_0,0.052734375,0.05,0,5.899240959675491,7.75487191734904,10.27587636497092,5.242443058687211,4.418980082125488,4.857874402059876,3.847499461379306,2.2766619370156653,0.6605680062618332,3.7336634160755375,2.1079390275629932,0.41115973432259934
BirdChicken_TEST.tsv_0,0.048828125,0.05,0,5.1847911387315895,8.444662712799799,6.902344469519598,4.484801130605644,5.563553905776536,1.8299095291895402,3.009133392042139,2.3816747667750757,0.5332720477850604,2.8841297265757375,2.201176692612266,0.37726947300565444
InsectWingbeatSound_TRAIN.tsv_0,0.12890625,0.05,0,9.932368849585496,12.157322656477243,21.755174053101598,9.676507985518779,11.100553344666814,1.3836619774745822,3.8417379805095746,2.908466180445671,4.067493049324494,2.7792233886404505,1.4284020490543428,1.1391959399152187
InsectWingbeatSound_TEST.tsv_0,0.125,0.1,0,7.501315977168109,10.214905840194055,11.113048145773224,7.162563311579252,9.236247633706238,1.67513383563118,2.5617624863642083,2.7699877736756453,2.374729774829739,1.9505480286245063,2.155886192541202,1.4207595907186579
ChlorineConcentration_TRAIN.tsv_2,0.19879518072289157,0.4,0,8.025474656192877,9.848289520711447,9.008601784283725,7.589461450487937,8.831681991629203,4.3379044341363775,7.23474951673329,7.301586533325288,8.296653301243534,5.1404156296450365,4.867711107136351,4.301299763386257
ChlorineConcentration_TEST.tsv_1,0.19879518072289157,0.5,0,7.6800032118657535,9.48182056073548,7.061878398866685,7.02925153223664,8.480468883751316,3.9740906101148195,7.326596955112885,7.318521469497891,5.939908650085641,5.2860117538173705,5.068089849095789,3.552901961407861
GestureMidAirD3_TRAIN.tsv_3,0.2,0.05,0,2.6693533527768785,4.724413516587047,2.735502885770353,2.548551987784068,3.5604140326529894,0.748552044562545,2.030167045093901,1.8791439414285627,0.900834186894128,1.8067441728325766,1.4495395317398554,0.5605334018758691
GestureMidAirD3_TEST.tsv_0,0.0392156862745098,0.05,0,3.0824666648681034,6.129136411816164,1.440548633638225,2.7134621906126717,4.278657239644357,0.45742003405683607,1.4481651291884432,1.2890899114060135,0.2654550264419865,1.337249258038482,1.166794415611126,0.2319491115103174
Phoneme_TEST.tsv_1,0.173828125,0.25,0,9.884376555200927,12.628408238210557,63.71936033950564,7.444925781280236,10.106609600911288,29.504492889800364,9.532863805329555,8.07498040007905,9.180130120759658,7.212540145193995,6.173110072011903,4.718865238206759
Phoneme_TRAIN.tsv_0,0.1943359375,0.45,0,21.03598137328742,21.079806679764808,199.846523356802,16.743528793860943,16.68639217074617,141.40142397816172,18.414707622524897,17.481787211614176,22.035979492834326,13.11549414368127,12.726257949041972,9.175258907911244
ToeSegmentation2_TEST.tsv_0,0.15743440233236153,0.1,0,6.829817098548465,9.482742390554112,11.79317216232907,6.146579611538132,8.329405523997906,5.280746242663117,4.248068853963628,3.8520770894544043,2.3066164584412467,3.5701264967862807,2.979635954128113,1.28111905793027
ToeSegmentation2_TRAIN.tsv_0,0.14868804664723032,0.15000000000000002,0,5.442983379543517,8.459965666686887,9.933462769901833,5.05812461378266,7.057777682425418,2.928905803188522,4.199760115745456,3.68899978557562,3.4306076666051446,3.2238396173342947,2.4679545966731724,1.8814313649779109
AllGestureWiimoteZ_TRAIN.tsv_1,0.19047619047619047,0.2,0,5.1398630124685125,7.392370676919362,6.456454043354169,4.560571854270891,6.58582226379761,2.053271710137302,4.036988144749522,3.6030160331109067,3.6800633378003043,2.635694075049077,2.2672499421759986,2.0749400644235085
AllGestureWiimoteZ_TEST.tsv_0,0.18181818181818182,0.2,0,3.517689080037823,5.143005071404235,6.6030023276980465,2.835650483486928,4.374732418138927,2.9289076785169206,2.921459921729896,2.343180446530893,2.469823464008456,2.0841360546308003,1.5138264878135936,1.243573685035074
Wafer_TRAIN.tsv_0,0.125,0.05,0,6.447159113442102,7.33393527911119,4.39265615790805,4.1886619925816,6.378537114113839,0.45711420377032813,5.19571361735316,4.216410849652843,5.036863318163628,1.886977168993362,2.550076379790667,0.512288503062451
Wafer_TEST.tsv_0,0.07236842105263158,0.05,0,6.468312498854345,5.882806309763068,4.609306144271154,4.235994785269458,4.801708715142901,0.3209814742406581,5.025900060538468,4.784405189132177,5.725750996345391,1.8183304067080142,1.9329572139385875,0.12539941151233766
FaceFour_TEST.tsv_0,0.19714285714285715,0.25,0,8.843475861809374,11.521545636586925,39.94668956935091,8.315646957661153,10.689308300688952,14.022139312651854,7.266166204920086,6.722865671462448,9.298304784011153,4.684417722441816,4.784482226277629,4.247373726433619
FaceFour_TRAIN.tsv_0,0.17714285714285713,0.4,0,7.6187768845698685,9.270495148204079,30.858847382592376,6.0899601654364846,7.937566205745231,11.69216768284934,8.144287869630016,7.675898616332421,11.466760407093387,5.167218190100335,4.785511068994452,7.794973737051777
Computers_TEST.tsv_1,0.07083333333333333,0.1,0,16.293274011427947,20.582056107864506,21.201621801241377,15.855989127595352,19.569082523295513,2.983839649824257,20.04113146231673,19.767499606209803,28.116739625240488,19.259929636220257,19.255955528723216,1.7570682373929127
Computers_TRAIN.tsv_0,0.0763888888888889,0.05,0,12.987380164859506,19.297724769454707,12.912971864760399,12.145013376239405,17.787449250796524,0.4801703982355887,4.747338770780971,4.342390857446284,5.737593596770428,2.8795610863372296,3.457998708566697,0.39617429481754596
FordA_TRAIN.tsv_0,0.176,0.15000000000000002,0,7.608944766220802,9.6328606377157,38.129976920524996,6.07784190808868,7.384180590939377,21.622829069677966,8.508523581797375,6.706424449025873,4.239953943797493,8.136734670400637,6.087838230550201,2.342791869745102
FordA_TEST.tsv_0,0.18,0.35000000000000003,0,10.942797056529631,11.94648466138497,43.129328389526854,8.271360782451543,9.248057543469315,19.369573683609275,10.689477398672794,9.0174803959605,10.7734324002814,9.508307919670173,7.849234989803856,4.415274260380199
Car_TEST.tsv_0,0.05025996533795494,0.05,0,5.280678820346028,8.964974991034786,4.210414832344755,4.927644673033553,5.517784962482885,1.884289223022404,2.8440526312865164,2.2514196021173825,0.4596653469939507,2.7541629187681322,2.053701764523394,0.3869777934092864
Car_TRAIN.tsv_0,0.038128249566724434,0.05,0,5.181156893765308,7.891555994875561,5.838190222617653,4.832968953750722,3.9621268681605,0.8110766462729764,2.8966294228570777,2.384125796608236,0.37028325884090296,2.848938080800343,2.19612183790931,0.2858312180289798
Ham_TRAIN.tsv_0,0.1716937354988399,0.1,0,4.559646456345488,6.481234918417884,15.105513900227011,3.72220545979103,4.591081667296431,8.268450423573324,5.011665234618779,3.9448780793176454,2.8175794075811185,4.569943636240246,3.4139962522045018,1.3916005632260433
Ham_TEST.tsv_0,0.18793503480278423,0.1,0,6.345063863025908,10.446434295923424,14.430289213038133,5.825134671127357,8.775140361669706,7.79984240920274,5.4711132113700005,4.65906311826864,2.5489077183108892,5.13394333236226,4.03348779387685,1.50055482445123
InsectEPGSmallTrain_TRAIN.tsv_0,0.15806988352745424,0.1,0,5.0442177519109475,8.503159412677302,8.437963147409915,4.428902074652085,6.542878474756585,3.7667625415694537,4.161347815457508,3.8471217565290687,4.034510165219319,2.7642313323628187,2.6830666910709247,2.10281338813661
InsectEPGSmallTrain_TEST.tsv_0,0.1314475873544093,0.1,0,7.242541239688031,9.447762046808572,19.061069318281007,5.905842841493476,7.8357484585282435,7.83920393372652,5.598168095693744,5.417994979812881,7.364541531617144,3.6982284920799016,3.709908457615083,2.1037360283868343
PLAID_TEST.tsv_0,0.1596806387225549,0.4,0,6.548215724793548,11.709973220801407,5.464727492643335,5.968298763178828,10.404218548565767,3.954672591534527,6.611914457650564,6.38924509044388,5.51745572198509,6.047486179213779,5.238456499793015,4.843717630984098
PLAID_TRAIN.tsv_0,0.18962075848303392,0.4,0,8.165110016921858,12.659156101266989,6.359132706411752,7.808687987137293,11.944966140087413,4.4905842176816275,7.620910905490582,6.862711871325537,5.970682371166025,6.777394753822469,5.075309242504615,5.136323193876145
EOGHorizontalSignal_TEST.tsv_0,0.0088,0.05,0,7.603314869236515,9.013103226518977,2.619634413019121,7.059082551038848,7.420660688518943,0.8125048412098698,1.4356433870375254,1.3264061064405797,0.15627340702217085,1.3881361376440498,1.271268976874091,0.13352621350439886
EOGHorizontalSignal_TRAIN.tsv_0,0.0128,0.05,0,16.09387965411678,16.70497459532246,28.4870211355213,12.992707601489201,12.789739932684451,0.8718641863350836,2.8846206959605833,1.9893900547718726,1.7933288094608653,2.5390483291196015,1.762177166741648,0.28440518914728935
PigArtPressure_TEST.tsv_0,0.0845,0.05,0,10.295109549867316,16.349966383982323,30.508935385197987,8.847382582660378,11.824532424939912,8.359591241062185,6.913236431969762,5.987141622309877,2.820354933046309,6.599710156741279,5.4947350036652605,0.980565127466392
PigArtPressure_TRAIN.tsv_0,0.081,0.05,0,11.007692540554158,16.82150036303008,32.69961521956497,9.337077904900461,11.914642045046959,15.26078512509965,7.187018051544769,6.160645892889976,2.109493894420236,6.882354744447094,5.66160306560132,0.990493009020214
ShapesAll_TRAIN.tsv_0,0.033203125,0.05,0,7.629231466431173,8.45425614177525,4.121134986654967,6.741090538432233,4.834995356783842,1.1354226792550302,3.6710176309976537,1.4712730155845344,0.29698508270480817,3.6174919872791604,1.3998325815358768,0.21067301819763654
ShapesAll_TEST.tsv_0,0.03515625,0.05,0,7.345112494694885,8.682954049218472,8.72473653279536,6.778406228817482,5.204822131426941,4.638994597049655,3.722054626925151,1.8839565313611935,0.3324413525374074,3.688726146814743,1.8071099531278836,0.2234241831461471
GesturePebbleZ2_TRAIN.tsv_0,0.1357142857142857,0.15000000000000002,0,6.7578168666666425,8.275751380138697,4.439216234284406,6.622481799942655,7.802989621226087,1.405128935229841,3.416961318284204,3.711046172856526,1.049105481222892,2.6497258903586314,2.9314325400261376,0.9488336910070926
GesturePebbleZ2_TEST.tsv_0,0.10697674418604651,0.1,0,10.182049297276196,11.896265696819952,16.170937853148935,10.13554578007063,11.09962851032249,4.579492030461497,5.846819464248556,5.818287197610775,8.322729140568658,4.597220454861219,4.745000699026102,1.5229552058864466
FreezerRegularTrain_TEST.tsv_0,0.036544850498338874,0.05,0,7.203935730657175,6.427084490990837,0.9197302120327846,3.4636824502720844,3.947607657268016,0.23547074407212912,3.649199317834281,3.5585779578282994,1.1991708418585811,0.7894340978692627,1.053655330538615,0.2829295899440328
FreezerRegularTrain_TRAIN.tsv_0,0.12624584717607973,0.05,0,5.489397081905363,10.935378617002849,3.261824479926542,4.771028065074685,10.535668326701622,0.42677683338575206,4.004627540817603,4.013138955243535,0.5048225338634176,1.2685186769200323,2.1815063569457256,0.3846268372730609
InsectEPGRegularTrain_TEST.tsv_0,0.1314475873544093,0.1,0,7.242541239688031,9.447762046808572,19.061069318281007,5.905842841493476,7.8357484585282435,7.83920393372652,5.598168095693744,5.417994979812881,7.364541531617144,3.6982284920799016,3.709908457615083,2.1037360283868343
InsectEPGRegularTrain_TRAIN.tsv_0,0.12479201331114809,0.1,0,6.016248652438967,8.1562434991819,9.032149203344668,5.153293858072133,5.797073318147669,2.501598702238599,4.309397589089264,3.766814424880479,4.388692672375723,2.7627760094507368,2.8979830665448527,1.9924441507903112
